{
    "config": {
        "abort": {
            "single_instance_allowed": "Only a single configuration of Meross is allowed."
        },
        "error": {
            "connection_error": "Unable to connect to Meross.",
            "invalid_credentials": "Invalid credentials."
        },
        "step": {
            "user": {
                "data": {
                    "password": "Password",
                    "username": "Email Address"
                },
                "title": "Fill in your Meross login information"
            }
        },
        "title": "Meross"
    }
}